"snp_id","chr","pos","maf"
"rs1",21,14332,0.154957881907467
"rs2",17,29720,0.153794120345265
"rs3",12,31189,0.0777768232859671
"rs4",13,11453,0.273703374166507
"rs5",18,9544,0.159856289904565
"rs6",12,41061,0.39118349251803
"rs7",7,1803,0.29628620488802
"rs8",10,7002,0.47663010333199
"rs9",7,36414,0.0887774865608662
"rs10",10,12248,0.476547163247596
"rs11",8,5944,0.375079490628559
"rs12",12,47463,0.464902072120458
"rs13",14,6351,0.326228424650617
"rs14",21,14609,0.122434925602283
"rs15",19,9416,0.132323311478831
"rs16",7,44209,0.378582602913957
"rs17",9,14401,0.315286542719696
"rs18",8,10248,0.190617063175887
"rs19",2,6570,0.397757479525171
"rs20",9,16016,0.201334190974012
"rs21",10,15679,0.435054510971531
"rs22",16,947,0.311237822077237
"rs23",7,64852,0.237075193133205
"rs24",4,14099,0.469657753384672
"rs25",2,19929,0.258214478660375
"rs26",15,8487,0.0947058484656736
"rs27",1,1245,0.259452213451732
"rs28",7,67906,0.492837735929061
"rs29",17,33329,0.466372789663728
"rs30",11,19478,0.245929443580098
"rs31",4,32328,0.441374322108459
"rs32",4,47909,0.185159377299715
"rs33",6,883,0.409087684028782
"rs34",20,19230,0.410229820385575
"rs35",17,41153,0.224116563273128
"rs36",15,37123,0.221715362800751
"rs37",9,20506,0.340482026385143
"rs38",14,24634,0.437750354409218
"rs39",8,11379,0.345484701904934
"rs40",14,24758,0.282346733100712
"rs41",17,41659,0.116951712535229
"rs42",17,52432,0.325744656298775
"rs43",7,75149,0.0688850685372017
"rs44",5,12727,0.274261546682101
"rs45",17,56536,0.382778699730989
"rs46",21,77935,0.389254900731612
"rs47",16,23121,0.078392183536198
"rs48",21,83724,0.249116870027501
"rs49",5,28680,0.275302264629863
"rs50",11,19772,0.17160939516034
"rs51",17,62961,0.319460967078339
"rs52",11,22907,0.381126931821927
"rs53",4,65326,0.371110015327577
"rs54",22,3233,0.102421821583994
"rs55",18,22541,0.308804278250318
"rs56",17,74806,0.409159394248854
"rs57",15,45357,0.154320708487649
"rs58",2,29071,0.376185121492017
"rs59",1,16346,0.427110439026728
"rs60",9,23652,0.103477356850635
"rs61",3,2040,0.481527678482234
"rs62",4,74925,0.386494062968995
"rs63",22,33622,0.414900265447795
"rs64",22,43805,0.135462975536939
"rs65",9,63813,0.0616859498666599
"rs66",11,27098,0.438702031504363
"rs67",19,15296,0.463630939426366
"rs68",9,98973,0.111932594550308
"rs69",10,33560,0.264941879850812
"rs70",16,26155,0.258332675124984
"rs71",12,50606,0.365080374991521
"rs72",13,14786,0.0795087055303156
"rs73",22,55198,0.3798679969972
"rs74",13,40837,0.228169215656817
"rs75",15,65066,0.257669530168641
"rs76",4,75344,0.376384713465814
"rs77",8,34052,0.261501191160642
"rs78",10,38487,0.499785789882299
"rs79",5,50860,0.430671106278896
"rs80",18,35365,0.422693286696449
"rs81",14,27583,0.392739954940043
"rs82",6,19131,0.100447921315208
"rs83",22,63549,0.427539658686146
"rs84",19,35338,0.416232735861558
"rs85",19,40836,0.496135487395804
"rs86",18,38496,0.0717415361665189
"rs87",6,31936,0.386054560600314
"rs88",8,35901,0.238691084715538
"rs89",7,112831,0.31196475373581
"rs90",12,52692,0.423830328008626
"rs91",4,78694,0.0560887823114172
"rs92",12,75318,0.0551847934257239
"rs93",17,79121,0.498400568275247
"rs94",10,38859,0.394560350186657
"rs95",8,44475,0.191598174790852
"rs96",10,43090,0.415405284962617
"rs97",15,68121,0.496048647840507
"rs98",10,68982,0.140341816819273
"rs99",11,33485,0.340716749115381
"rs100",18,43184,0.246897828008514
"rs101",20,38435,0.472112717689015
"rs102",12,89156,0.494601487426553
"rs103",22,78139,0.255343802447896
"rs104",2,50315,0.153776724438649
"rs105",1,27245,0.362970170832705
"rs106",21,87765,0.300484555074945
"rs107",19,50996,0.313119540270418
"rs108",15,93493,0.245134061109275
"rs109",13,51433,0.241778773744591
"rs110",6,69580,0.318584477959666
"rs111",3,2401,0.253438513190486
"rs112",11,50439,0.480473896395415
"rs113",4,88721,0.429993657500017
"rs114",10,70527,0.150245871196967
"rs115",15,94177,0.239076579653192
"rs116",3,13723,0.238992320990656
"rs117",4,97893,0.0593558819964528
"rs118",6,97355,0.221201586292591
"rs119",15,98085,0.240056792413816
"rs120",22,86175,0.136141728539951
"rs121",7,123752,0.367398176784627
"rs122",2,58839,0.0560842138598673
"rs123",20,42220,0.379041397594847
"rs124",17,98500,0.244725844089408
"rs125",13,54522,0.379058041854296
"rs126",6,105541,0.0562736986204982
"rs127",2,59308,0.0703909888165072
"rs128",12,91313,0.238286469399463
"rs129",9,105968,0.339728000957984
"rs130",9,110178,0.14890720351832
"rs131",12,94560,0.425049193773884
"rs132",19,57601,0.362645291094668
"rs133",2,72506,0.454606018343475
"rs134",6,124059,0.236408128379844
"rs135",11,55396,0.234952116466593
"rs136",9,120746,0.162506745231804
"rs137",19,58145,0.218195167568047
"rs138",14,31181,0.154351729701739
"rs139",12,107632,0.46922142409021
"rs140",1,32343,0.264355139818508
"rs141",2,80690,0.0714492513448931
"rs142",18,67291,0.398088975204155
"rs143",7,138258,0.199002798239235
"rs144",5,56658,0.298794411774725
"rs145",15,118819,0.354348738014232
"rs146",22,105432,0.174800466897432
"rs147",21,92867,0.0737850552657619
"rs148",5,75653,0.241591362666804
"rs149",12,112073,0.32455331691308
"rs150",4,104711,0.489220715779811
"rs151",4,109722,0.486410054098815
"rs152",8,50240,0.0898180508054793
"rs153",1,53130,0.274271016765852
"rs154",20,72741,0.228060215502046
"rs155",16,30420,0.225649368087761
"rs156",15,122126,0.193324770883191
"rs157",14,42908,0.357158774405252
"rs158",10,72977,0.178076708409935
"rs159",16,38562,0.225542621407658
"rs160",14,44802,0.495575852133334
"rs161",13,55441,0.406402579171117
"rs162",8,50854,0.190582318196539
"rs163",18,77458,0.417702978674788
"rs164",15,131635,0.149409397493582
"rs165",2,86661,0.275483219127636
"rs166",21,95135,0.125137533340603
"rs167",11,63311,0.103846637520473
"rs168",1,54935,0.453924485482275
"rs169",22,115695,0.0921716953977011
"rs170",13,62867,0.439276350499131
"rs171",8,59253,0.174466158670839
"rs172",8,73480,0.062277661729604
"rs173",18,91541,0.404323233512696
"rs174",7,159694,0.211397134908475
"rs175",13,90684,0.0612963345949538
"rs176",15,140090,0.385742119082715
"rs177",8,75897,0.0633315097191371
"rs178",16,55490,0.245239173946902
"rs179",14,45264,0.165482074848842
"rs180",16,75141,0.274106849438977
"rs181",12,118473,0.344009853759781
"rs182",16,80511,0.0876455985475331
"rs183",11,64771,0.1312126077828
"rs184",5,86178,0.0970081257168204
"rs185",4,110739,0.415576842718292
"rs186",14,92849,0.332376098737586
"rs187",8,85555,0.33375761868665
"rs188",22,122652,0.225900432595518
"rs189",15,161942,0.244514108204749
"rs190",11,71052,0.206885301019065
"rs191",20,73424,0.40710099140415
"rs192",10,77974,0.449121250433382
"rs193",19,62622,0.343007189023774
"rs194",5,97573,0.316788468917366
"rs195",1,64631,0.197519942233339
"rs196",12,124186,0.0840602155774832
"rs197",18,99608,0.316124258935451
"rs198",6,128946,0.130251543584745
"rs199",19,72918,0.383607555855997
"rs200",15,173024,0.18224429365946
"rs201",18,110817,0.337633614812512
"rs202",10,84058,0.106170078762807
"rs203",1,75677,0.164869602688123
"rs204",6,130924,0.419258609297685
"rs205",8,86406,0.411701176839415
"rs206",21,114479,0.0706255838274956
"rs207",9,121673,0.443989274837077
"rs208",18,111286,0.107604090485256
"rs209",15,173464,0.323974131594878
"rs210",8,121203,0.261305092973635
"rs211",22,126163,0.300780988519546
"rs212",22,128180,0.378676753060427
"rs213",5,114995,0.2614364099456
"rs214",18,116609,0.494874526560307
"rs215",8,129819,0.493100773042534
"rs216",20,82919,0.226978106459137
"rs217",20,84726,0.32398121189326
"rs218",4,111515,0.205467678536661
"rs219",9,123443,0.246700652956497
"rs220",11,87886,0.153109383501578
"rs221",16,84315,0.0527325116447173
"rs222",10,96558,0.0607445996953175
"rs223",4,117066,0.0764412927441299
"rs224",1,101664,0.394059040292632
"rs225",11,90246,0.261069802474231
"rs226",2,88654,0.432874346105382
"rs227",8,152340,0.311773725762032
"rs228",22,144792,0.134099718078505
"rs229",13,93116,0.324077440332621
"rs230",18,117911,0.45200377991423
"rs231",10,121847,0.407444524648599
"rs232",20,85028,0.276841775281355
"rs233",21,133682,0.240362723183353
"rs234",19,105178,0.344471579487436
"rs235",4,145893,0.449482331506442
"rs236",13,111434,0.451407412008848
"rs237",15,221138,0.130275742034428
"rs238",3,30693,0.165876091143582
"rs239",18,124849,0.101047327136621
"rs240",4,153939,0.408721531380434
"rs241",18,130209,0.0992923199548386
"rs242",12,149037,0.423082262638491
"rs243",17,103829,0.396970833616797
"rs244",11,90885,0.474660232034512
"rs245",10,150443,0.260130917106289
"rs246",15,228944,0.472935041377787
"rs247",20,92036,0.403332324081566
"rs248",16,85710,0.443573543755338
"rs249",4,162983,0.227508194046095
"rs250",14,111838,0.0948646223521791
"rs251",6,134015,0.174632639193442
"rs252",5,129317,0.374999923002906
"rs253",2,90142,0.210337330738548
"rs254",20,96926,0.222220347530674
"rs255",13,117595,0.0643858928931877
"rs256",22,154648,0.284650379116647
"rs257",11,96911,0.104485059634317
"rs258",2,94783,0.448332879424561
"rs259",5,195500,0.0835908345528878
"rs260",3,32123,0.402902576047927
"rs261",5,202487,0.43435953615699
"rs262",4,187062,0.0667301767854951
"rs263",19,131426,0.17381457927404
"rs264",15,231383,0.338931477081496
"rs265",5,213781,0.403285261790734
"rs266",18,134634,0.230028220359236
"rs267",14,115829,0.470886048371904
"rs268",9,131709,0.225732636847533
"rs269",11,112593,0.240781688212883
"rs270",3,34522,0.178889765485656
"rs271",11,122318,0.325286783836782
"rs272",18,138894,0.301465732383076
"rs273",20,126642,0.0679852107772604
"rs274",6,143115,0.385376876080409
"rs275",1,102693,0.142919339321088
"rs276",6,152499,0.345423184288666
"rs277",4,188994,0.285086602065712
"rs278",18,141354,0.335046463180333
"rs279",11,133211,0.327903410221916
"rs280",20,131079,0.178202996344771
"rs281",11,142559,0.150713250099216
"rs282",22,157852,0.29255870989291
"rs283",14,133880,0.498367389768828
"rs284",6,174774,0.198012441594619
"rs285",4,191920,0.195501239749137
"rs286",12,150047,0.0658955830382183
"rs287",16,126376,0.286525333637837
"rs288",21,138442,0.318563111755066
"rs289",21,139866,0.383938996633515
"rs290",10,157629,0.478776708315127
"rs291",10,158559,0.270329557033256
"rs292",20,141272,0.08747930546524
"rs293",7,166561,0.166967599547934
"rs294",7,172752,0.443680981523357
"rs295",8,162084,0.433426611369941
"rs296",7,188428,0.429307099059224
"rs297",16,139445,0.476106653583702
"rs298",8,171945,0.343706735642627
"rs299",3,44190,0.269670004351065
"rs300",6,198786,0.134490515303332
"rs301",9,142446,0.370864877349231
"rs302",2,110050,0.0882814868120477
"rs303",13,122423,0.2575397325214
"rs304",18,149017,0.471158287976868
"rs305",1,108377,0.430382150539663
"rs306",15,275217,0.372284022613894
"rs307",8,186966,0.1057128567365
"rs308",11,146181,0.317672357580159
"rs309",13,127882,0.495433760643937
"rs310",10,162156,0.32693381953286
"rs311",20,145837,0.172884950146545
"rs312",13,145624,0.0786680794321001
"rs313",9,156718,0.0825364740099758
"rs314",5,233029,0.443080046318937
"rs315",3,44796,0.21327124851523
"rs316",9,158507,0.475529967120383
"rs317",20,161244,0.301243522996083
"rs318",1,125799,0.280697517900262
"rs319",9,174807,0.476497248595115
"rs320",6,203016,0.0994107180042192
"rs321",10,165164,0.418508397741243
"rs322",6,206114,0.219803948048502
"rs323",11,180949,0.300488471519202
"rs324",4,196590,0.19124203401152
"rs325",11,215005,0.087054296140559
"rs326",12,152666,0.400971894024406
"rs327",16,154934,0.136955627787393
"rs328",21,139919,0.345013460412156
"rs329",18,154410,0.245816173998173
"rs330",2,125052,0.138716746948194
"rs331",18,202212,0.497597189992666
"rs332",8,191021,0.251034289889503
"rs333",5,233779,0.064141998894047
"rs334",9,207554,0.471657451160718
"rs335",3,45006,0.441942779428791
"rs336",6,208726,0.320560827525333
"rs337",14,171846,0.18455695535522
"rs338",5,278835,0.414205823827069
"rs339",2,158395,0.478464073280338
"rs340",9,214958,0.433424287068192
"rs341",4,198961,0.10728938113898
"rs342",21,152080,0.485997057403438
"rs343",12,164766,0.300695453921799
"rs344",1,135391,0.0524140013149008
"rs345",1,139467,0.111093763855752
"rs346",18,208728,0.0526311957044527
"rs347",12,172003,0.417593327979557
"rs348",11,227427,0.40197361453902
"rs349",12,182336,0.468979828618467
"rs350",11,249483,0.215910447051283
"rs351",15,283473,0.488504693377763
"rs352",5,286454,0.420684656850062
"rs353",21,171789,0.404351988469716
"rs354",20,167742,0.33027162560029
"rs355",18,216566,0.485309717978817
"rs356",21,184324,0.274963320791721
"rs357",3,54092,0.452163019834552
"rs358",19,134721,0.230469461134635
"rs359",22,176619,0.251393724337686
"rs360",17,105654,0.471100586955436
"rs361",15,289180,0.357499488815665
"rs362",3,59788,0.0581734085688368
"rs363",5,289179,0.12448702295078
"rs364",18,219686,0.273125524504576
"rs365",10,166471,0.241940852615517
"rs366",5,297144,0.496423904283438
"rs367",3,64442,0.45002755576279
"rs368",8,215636,0.205589917069301
"rs369",21,187640,0.367629856255371
"rs370",11,263760,0.458926109177992
"rs371",13,147985,0.354331799235661
"rs372",19,135444,0.337595122074708
"rs373",4,201704,0.117322037171107
"rs374",20,168677,0.320506425516214
"rs375",17,106700,0.172738056140952
"rs376",4,206473,0.256034016970079
"rs377",16,189046,0.15001389196841
"rs378",9,223857,0.164714682591148
"rs379",14,179293,0.344159477227367
"rs380",11,268196,0.262396922509652
"rs381",22,192168,0.122433366044424
"rs382",5,327735,0.172436150570866
"rs383",11,276616,0.370830241858494
"rs384",12,205589,0.326009143481497
"rs385",6,208918,0.109454884799197
"rs386",3,73454,0.0815032639424317
"rs387",15,293473,0.484819255839102
"rs388",14,179679,0.215721625089645
"rs389",17,107137,0.354854338080622
"rs390",7,195210,0.43067827867344
"rs391",1,143223,0.158742673392408
"rs392",18,229421,0.0658179459744133
"rs393",3,73468,0.317858106526546
"rs394",9,227324,0.42628600760363
"rs395",11,285685,0.21301214460982
"rs396",20,174350,0.199484840023797
"rs397",17,114932,0.340131348825525
"rs398",15,312944,0.481376811559312
"rs399",4,218453,0.318291632807814
"rs400",18,237575,0.279626008088235
"rs401",3,79200,0.119868861162104
"rs402",20,193266,0.430632952484302
"rs403",4,237907,0.146471191535238
"rs404",11,291113,0.351442960172426
"rs405",12,207146,0.327990403061267
"rs406",13,166301,0.0724998996476643
"rs407",18,252656,0.477229449013248
"rs408",11,293780,0.312148414226249
"rs409",8,223813,0.437429451674689
"rs410",19,135689,0.283310262206942
"rs411",16,213492,0.169757367554121
"rs412",15,316023,0.318819948565215
"rs413",21,188756,0.408009237877559
"rs414",18,253311,0.360178716911469
"rs415",20,207242,0.266284240072127
"rs416",5,331497,0.259668224945199
"rs417",7,198634,0.328285550826695
"rs418",18,268374,0.252171731437556
"rs419",18,269222,0.321218389715068
"rs420",10,176387,0.0520740383421071
"rs421",5,340343,0.497747530636843
"rs422",16,216969,0.232908101787325
"rs423",11,299709,0.10307823671028
"rs424",9,235097,0.441292592894752
"rs425",9,246999,0.293086830456741
"rs426",1,174639,0.44671895056963
"rs427",18,279041,0.0668929275707342
"rs428",6,209946,0.446645282965619
"rs429",2,174468,0.375057351402938
"rs430",13,175050,0.396414633467793
"rs431",11,303392,0.438617169030476
"rs432",5,349079,0.275333946442697
"rs433",20,207767,0.466638810944278
"rs434",3,86398,0.143633601628244
"rs435",5,355560,0.0621975172194652
"rs436",8,226051,0.192106882447843
"rs437",3,114087,0.347050512349233
"rs438",14,183008,0.191611085331533
"rs439",14,206593,0.475007624516729
"rs440",15,317583,0.4005367609323
"rs441",15,320634,0.202744060824625
"rs442",17,135258,0.266740819101688
"rs443",3,119917,0.237197659444064
"rs444",18,283537,0.399350254761521
"rs445",5,359526,0.268442152661737
"rs446",13,187282,0.0568845968693495
"rs447",2,176151,0.339103082823567
"rs448",14,237524,0.155673493177164
"rs449",18,287388,0.386161647376139
"rs450",6,213962,0.183023318531923
"rs451",6,226888,0.457798186223954
"rs452",16,232830,0.433995808078907
"rs453",1,182861,0.257883699634112
"rs454",3,129350,0.0821067117271014
"rs455",19,145838,0.310011676000431
"rs456",12,208532,0.310810700303409
"rs457",18,300095,0.497109549620654
"rs458",4,273274,0.200873486476485
"rs459",21,244471,0.350060798379127
"rs460",14,249254,0.472350200894289
"rs461",17,135426,0.308685575728305
"rs462",11,309218,0.361270136258099
"rs463",14,250179,0.0903913641814142
"rs464",8,236751,0.439906660083216
"rs465",10,179993,0.275512728560716
"rs466",14,252857,0.150465327862185
"rs467",19,154129,0.235588658729102
"rs468",21,246493,0.448837825807277
"rs469",10,182972,0.27301704675192
"rs470",19,174371,0.352739177492913
"rs471",15,340428,0.177126997080632
"rs472",17,141840,0.417676236317493
"rs473",17,191821,0.16074475456262
"rs474",2,182365,0.216340787266381
"rs475",8,242735,0.155985977756791
"rs476",3,139519,0.471090616681613
"rs477",10,190190,0.236784572748002
"rs478",17,203775,0.111852232425008
"rs479",18,312268,0.461464125360362
"rs480",19,178018,0.206438619235996
"rs481",22,197707,0.433818894077558
"rs482",3,174088,0.11418583043851
"rs483",2,190611,0.211744791944511
"rs484",13,188452,0.16047728038393
"rs485",3,187774,0.0706576759344898
"rs486",16,236303,0.403046555980109
"rs487",21,254123,0.139627280528657
"rs488",9,263139,0.226332609914243
"rs489",16,256811,0.195603010093328
"rs490",10,193726,0.320947657281067
"rs491",17,212097,0.293572255806066
"rs492",14,253764,0.49587067971006
"rs493",9,286375,0.164205972105265
"rs494",3,189223,0.380871451937128
"rs495",4,284403,0.489923672471195
"rs496",1,183934,0.301120808790438
"rs497",17,272354,0.226718671782874
"rs498",6,238358,0.421110166679136
"rs499",10,197941,0.100573007389903
"rs500",7,202479,0.29110005684197
"rs501",16,258972,0.249724213196896
"rs502",18,332286,0.173280745709781
"rs503",21,254670,0.120810891105793
"rs504",4,291444,0.442327133170329
"rs505",12,209759,0.302920185367111
"rs506",7,203653,0.297810391220264
"rs507",21,275444,0.316564378526527
"rs508",15,341678,0.377515788224991
"rs509",19,185875,0.337516378075816
"rs510",6,240930,0.326502574176993
"rs511",19,201267,0.0735875827609561
"rs512",18,337025,0.304320988827385
"rs513",18,337132,0.314303621137515
"rs514",14,267504,0.332855183805805
"rs515",6,248430,0.32985079025384
"rs516",21,277887,0.0870215189177543
"rs517",6,256064,0.0849391754716635
"rs518",16,271597,0.35919261041563
"rs519",11,309317,0.423636616568547
"rs520",17,274775,0.115659443824552
"rs521",8,250487,0.402588532539085
"rs522",7,227864,0.268902535608504
"rs523",4,306589,0.495169297454413
"rs524",12,215670,0.274597229540814
"rs525",13,190790,0.303017240785994
"rs526",18,355001,0.220215659274254
"rs527",17,285842,0.283386738796253
"rs528",1,185396,0.0834277064772323
"rs529",6,272867,0.292312554875389
"rs530",2,201288,0.482477450370789
"rs531",10,232595,0.287514562811703
"rs532",18,355540,0.246721753349993
"rs533",1,192953,0.064520148455631
"rs534",18,361665,0.0669803813099861
"rs535",22,207420,0.0713067322736606
"rs536",2,204942,0.122431566030718
"rs537",21,293854,0.261093826999422
"rs538",10,235441,0.412665788677987
"rs539",11,310503,0.176268882246222
"rs540",8,260073,0.389652793342248
"rs541",2,208841,0.284821616683621
"rs542",21,296081,0.18002623693319
"rs543",14,275010,0.0578197406604886
"rs544",4,316792,0.350757288432214
"rs545",18,367153,0.0801391841145232
"rs546",12,217553,0.426373892067932
"rs547",4,328490,0.110904420120642
"rs548",17,290271,0.345145148807205
"rs549",10,237413,0.427076477964874
"rs550",19,210910,0.165941598231439
"rs551",1,207297,0.111197878303938
"rs552",14,295987,0.39356978640426
"rs553",5,363468,0.145398304995615
"rs554",13,203271,0.17058631965192
"rs555",15,347954,0.289324037590995
"rs556",20,239884,0.26335259033367
"rs557",6,287645,0.218049649242312
"rs558",20,245193,0.398907467839308
"rs559",9,288165,0.301191786536947
"rs560",20,259751,0.119856479519513
"rs561",7,234481,0.495238301786594
"rs562",21,334113,0.16000089365989
"rs563",12,221935,0.108670330489986
"rs564",21,373191,0.145706510927994
"rs565",19,213651,0.221001911757048
"rs566",18,367632,0.211829525965732
"rs567",12,226943,0.186197922029533
"rs568",7,244981,0.0699798711342737
"rs569",4,335130,0.470652508747298
"rs570",11,326819,0.305922663444653
"rs571",2,211704,0.149361235287506
"rs572",3,190770,0.445082528877538
"rs573",3,216609,0.2602799628512
"rs574",5,366748,0.294057416601572
"rs575",5,384477,0.402979178261012
"rs576",15,363088,0.341541622579098
"rs577",4,338425,0.1152019161731
"rs578",2,218550,0.194736819714308
"rs579",18,388728,0.477975012175739
"rs580",6,290395,0.134689320949838
"rs581",3,229108,0.387681911815889
"rs582",22,208960,0.256621313875075
"rs583",10,247902,0.113614272023551
"rs584",18,389105,0.142336884222459
"rs585",10,249990,0.35388207482174
"rs586",2,221605,0.112113594729453
"rs587",2,227387,0.236994665360544
"rs588",1,208202,0.253061164310202
"rs589",8,271463,0.330325956363231
"rs590",22,230316,0.163028433837462
"rs591",18,393540,0.258869058673736
"rs592",4,353375,0.124479153077118
"rs593",6,293391,0.436012904066592
"rs594",22,232048,0.120448353781831
"rs595",9,300972,0.0897492351708934
"rs596",13,204174,0.452037997357547
"rs597",14,320272,0.185279228771105
"rs598",13,258963,0.388439001981169
"rs599",7,296520,0.230722991598304
"rs600",4,361660,0.251851147739217
"rs601",9,316821,0.121853291091975
"rs602",22,240432,0.115032133075874
"rs603",9,321913,0.117131176416297
"rs604",2,244147,0.281495416932739
"rs605",12,237148,0.271772287820932
"rs606",9,334451,0.327354245842434
"rs607",9,334554,0.251340300810989
"rs608",18,395209,0.0750545218470506
"rs609",9,337402,0.0524283392936923
"rs610",8,317810,0.149825390509795
"rs611",10,252948,0.432933450781275
"rs612",2,244221,0.170305792754516
"rs613",2,252076,0.319370122964028
"rs614",5,390808,0.323869863757864
"rs615",10,266601,0.496471298183314
"rs616",2,252724,0.136035482364241
"rs617",20,281632,0.389025763073005
"rs618",6,325059,0.159074301715009
"rs619",4,361972,0.197353499010205
"rs620",20,283814,0.0515909726032987
"rs621",10,272870,0.498840864619706
"rs622",20,286553,0.247126776969526
"rs623",8,321786,0.498959935212042
"rs624",21,379561,0.138523626117967
"rs625",18,402852,0.100164558086544
"rs626",16,272506,0.162831402744632
"rs627",2,257668,0.356214471394196
"rs628",12,251499,0.309764433535747
"rs629",16,306051,0.237356283294503
"rs630",20,289540,0.378131559607573
"rs631",14,326320,0.308385379856918
"rs632",1,209866,0.30993581705261
"rs633",17,333014,0.315499607345555
"rs634",18,416444,0.150317753036506
"rs635",9,352005,0.0965715343831107
"rs636",6,372489,0.381427712121513
"rs637",8,331113,0.325581690308172
"rs638",8,338163,0.478045562235638
"rs639",10,287821,0.481944139522966
"rs640",18,425928,0.385176222538576
"rs641",16,311358,0.245673565554898
"rs642",19,224010,0.12864881179994
"rs643",8,343390,0.245879630977288
"rs644",11,340799,0.393106184492353
"rs645",15,367416,0.463563189969864
"rs646",7,303701,0.458013912313618
"rs647",3,230531,0.416980773047544
"rs648",18,427715,0.139888824196532
"rs649",19,232210,0.0723315133946016
"rs650",18,439135,0.265526836528443
"rs651",18,440121,0.315677015983965
"rs652",1,229938,0.0934791061212309
"rs653",19,251484,0.477900605706964
"rs654",4,367721,0.123234412376769
"rs655",10,295695,0.464677818177734
"rs656",19,262244,0.10749878276838
"rs657",6,374003,0.348232815728989
"rs658",21,386213,0.402818867343012
"rs659",4,381740,0.394075922807679
"rs660",8,347003,0.352656639739871
"rs661",20,290107,0.102049656072631
"rs662",16,320476,0.433085669390857
"rs663",7,307372,0.328082717675716
"rs664",1,232864,0.426385200198274
"rs665",16,331814,0.126467701140791
"rs666",2,261971,0.0546265490353108
"rs667",8,349322,0.195561379066203
"rs668",13,282558,0.171357226022519
"rs669",3,242806,0.421367610234302
"rs670",16,352277,0.470147781656124
"rs671",13,282977,0.107506167644169
"rs672",12,327065,0.461001922807191
"rs673",5,394039,0.322355276485905
"rs674",4,391376,0.230128324904945
"rs675",16,354701,0.349607886536978
"rs676",19,269295,0.395419674739242
"rs677",12,335633,0.284853065060452
"rs678",16,355266,0.227528382698074
"rs679",1,232887,0.484604075097013
"rs680",20,309774,0.0720434932853095
"rs681",17,345661,0.118988722248469
"rs682",16,359441,0.363577579485718
"rs683",6,390415,0.37750364295207
"rs684",5,412833,0.0987707369611599
"rs685",2,268095,0.259055845509283
"rs686",7,318076,0.338956491299905
"rs687",14,329587,0.228699922037777
"rs688",15,369235,0.495693615672644
"rs689",16,379354,0.35541896445211
"rs690",7,344652,0.191893305897247
"rs691",4,424265,0.119196167017799
"rs692",4,441611,0.185563281096984
"rs693",10,303248,0.0925319887814112
"rs694",10,305757,0.0620939780841582
"rs695",1,248394,0.189717486943118
"rs696",14,333370,0.384097490878776
"rs697",4,444561,0.482041495537851
"rs698",8,363784,0.237111198226921
"rs699",11,351660,0.28500593326753
"rs700",6,398850,0.0803838779567741
"rs701",17,351200,0.333428812446073
"rs702",12,339153,0.209036204242148
"rs703",1,255270,0.241121593455318
"rs704",3,251512,0.483695955818985
"rs705",6,400741,0.356449319119565
"rs706",2,271029,0.373308747995179
"rs707",8,380911,0.126783394417726
"rs708",2,279020,0.141624090110417
"rs709",14,418019,0.444447370362468
"rs710",20,330303,0.426885136507917
"rs711",17,396447,0.37428216910921
"rs712",6,409459,0.176478516997304
"rs713",4,456632,0.144495903537609
"rs714",7,364743,0.272367643821053
"rs715",18,442782,0.284788763709366
"rs716",21,405360,0.148924315278418
"rs717",18,444255,0.393398016062565
"rs718",20,348004,0.061033843876794
"rs719",16,397102,0.370168675319292
"rs720",1,259598,0.428399419621564
"rs721",6,425251,0.46886948243482
"rs722",8,404127,0.347941241273656
"rs723",3,316364,0.171473998716101
"rs724",6,438944,0.148205057147425
"rs725",22,255292,0.440518177021295
"rs726",16,406415,0.061057198268827
"rs727",2,280401,0.432512025977485
"rs728",14,423849,0.285769884649199
"rs729",6,445651,0.245958215824794
"rs730",21,405643,0.469082635908853
"rs731",1,266633,0.124047678161878
"rs732",22,257518,0.220454776426777
"rs733",4,477128,0.112120221671648
"rs734",11,355541,0.117374484729953
"rs735",15,394368,0.354401261324529
"rs736",2,285042,0.30295227013994
"rs737",20,380057,0.262241799256299
"rs738",20,383060,0.414995075878687
"rs739",1,282197,0.483074839506298
"rs740",10,313187,0.281934447819367
"rs741",12,345039,0.366675246332306
"rs742",6,485010,0.131395779503509
"rs743",14,424147,0.209735126199666
"rs744",1,285090,0.0724562551826239
"rs745",18,452439,0.118649166217074
"rs746",7,367946,0.0946722733904608
"rs747",11,365292,0.176066634256858
"rs748",22,261655,0.224352590960916
"rs749",7,372183,0.335371453873813
"rs750",14,443419,0.368178623961285
"rs751",18,453953,0.196708243445028
"rs752",5,414677,0.484332491795067
"rs753",22,279773,0.363404501357581
"rs754",14,448508,0.12248518737033
"rs755",12,345151,0.216078008734621
"rs756",8,406561,0.185997991636395
"rs757",7,383217,0.256084595364518
"rs758",22,284999,0.420477235864382
"rs759",4,488315,0.154642707889434
"rs760",1,290718,0.231045001372695
"rs761",2,288465,0.48722576132277
"rs762",1,301432,0.105989335698541
"rs763",5,420397,0.333630534471013
"rs764",11,379943,0.366740152647253
"rs765",8,411323,0.316040127887391
"rs766",9,462020,0.498432322067674
"rs767",16,407210,0.0704012456466444
"rs768",13,289407,0.495532642060425
"rs769",17,396742,0.385387839190662
"rs770",14,479509,0.246537319000345
"rs771",11,391866,0.118852946942206
"rs772",17,435028,0.25198932896601
"rs773",10,326094,0.133846120664384
"rs774",18,464075,0.241946862125769
"rs775",14,480915,0.419350939942524
"rs776",12,355848,0.0726705114007928
"rs777",9,464360,0.196421968238428
"rs778",4,491091,0.429085368278902
"rs779",17,442179,0.0680899068247527
"rs780",11,399220,0.406342832546216
"rs781",4,504764,0.482732796878554
"rs782",9,467514,0.347414219367783
"rs783",18,474929,0.0539228386012837
"rs784",17,445992,0.259605150914285
"rs785",12,378003,0.372476231912151
"rs786",9,469863,0.0626819494180381
"rs787",16,424138,0.430467151419725
"rs788",13,298639,0.385886934062
"rs789",7,396149,0.168813843955286
"rs790",22,287130,0.385661154298577
"rs791",3,324092,0.352212112105917
"rs792",12,404708,0.127423730015289
"rs793",20,392015,0.351372410741169
"rs794",16,425013,0.468659314175602
"rs795",1,320682,0.432938641274814
"rs796",11,401841,0.401482955843676
"rs797",1,321688,0.358629049069714
"rs798",20,422820,0.31611610041
"rs799",5,422528,0.231472947611474
"rs800",16,442704,0.107756650657393
"rs801",3,336966,0.419074008986354
"rs802",15,401779,0.37252421254525
"rs803",8,421595,0.404746183613315
"rs804",17,448893,0.0582422005245462
"rs805",22,314211,0.128520563442726
"rs806",5,424855,0.31939203577349
"rs807",9,471210,0.0862874702899717
"rs808",10,330655,0.368292173813097
"rs809",13,305249,0.303650948393624
"rs810",5,494767,0.17726355913328
"rs811",1,324663,0.226425544579979
"rs812",20,455220,0.35272767553106
"rs813",12,409884,0.122980850271415
"rs814",20,470090,0.0988258565659635
"rs815",13,309118,0.290049903490581
"rs816",2,289365,0.0964395951596089
"rs817",10,338463,0.0920381383621134
"rs818",5,495705,0.337966313923243
"rs819",3,361787,0.303819096705411
"rs820",5,502910,0.187491433776449
"rs821",13,315636,0.169704064098187
"rs822",13,329273,0.334625355317257
"rs823",15,403312,0.423841025098227
"rs824",6,486904,0.0731100268661976
"rs825",1,328186,0.496550766273867
"rs826",10,339982,0.0599392367876135
"rs827",18,476496,0.130927500070538
"rs828",11,442325,0.197911433689296
"rs829",20,470846,0.434703072544653
"rs830",18,476800,0.132962140953168
"rs831",15,403367,0.407910516136326
"rs832",7,404914,0.436483462224714
"rs833",3,403126,0.262408790236805
"rs834",19,277884,0.341691277688369
"rs835",5,510040,0.1962687580497
"rs836",15,410232,0.259761856147088
"rs837",19,292690,0.474083277664613
"rs838",22,325909,0.160458934388589
"rs839",7,407819,0.0601056766579859
"rs840",16,443913,0.485182323737536
"rs841",5,535420,0.167021985631436
"rs842",16,454452,0.344348247430753
"rs843",19,316331,0.0839215568965301
"rs844",10,368703,0.486160744552035
"rs845",1,329968,0.463342695729807
"rs846",20,485127,0.440668641298544
"rs847",4,520487,0.240970538672991
"rs848",20,499482,0.401464389194734
"rs849",9,482916,0.184957651712466
"rs850",5,565653,0.18025375478901
"rs851",7,410183,0.499673224904109
"rs852",21,421183,0.494166743569076
"rs853",1,332985,0.266020853538066
"rs854",20,515205,0.393023779802024
"rs855",2,290844,0.197875366255175
"rs856",11,446623,0.15630748126423
"rs857",1,341111,0.328037013672292
"rs858",13,347481,0.20320216944674
"rs859",10,379584,0.0762759624281898
"rs860",18,478500,0.491875620011706
"rs861",4,527931,0.359618054761086
"rs862",4,555906,0.437981999409385
"rs863",2,310101,0.257762967643794
"rs864",16,457647,0.106712239328772
"rs865",16,489965,0.356132950366009
"rs866",8,444709,0.058976953336969
"rs867",22,326289,0.12333138785325
"rs868",3,411079,0.453117125795688
"rs869",20,521144,0.118920985050499
"rs870",18,481931,0.166388717130758
"rs871",11,450716,0.159811106103007
"rs872",17,457519,0.19033920832444
"rs873",16,498137,0.149561010301113
"rs874",2,313849,0.0637460792786442
"rs875",8,466160,0.45636647407664
"rs876",5,565972,0.481728858931456
"rs877",12,416064,0.474281897651963
"rs878",15,415110,0.25398501799209
"rs879",2,330176,0.246949251089245
"rs880",15,417156,0.0725747664924711
"rs881",5,580533,0.211919570760801
"rs882",9,494181,0.453489829110913
"rs883",15,422709,0.216978425253183
"rs884",7,432831,0.276478255074471
"rs885",9,495193,0.287419687735382
"rs886",9,538181,0.12662152928533
"rs887",11,475779,0.292369449557737
"rs888",10,411334,0.0997220502817072
"rs889",17,460412,0.326347265474033
"rs890",10,413940,0.29523939214414
"rs891",15,425311,0.152432911633514
"rs892",7,495443,0.455678893672302
"rs893",17,469910,0.139336896513123
"rs894",12,428641,0.23981545290444
"rs895",5,588918,0.447962836106308
"rs896",3,414803,0.157190380967222
"rs897",18,483002,0.181233769212849
"rs898",14,491206,0.444377871288452
"rs899",7,499137,0.328582613752224
"rs900",13,349161,0.435784439160489
"rs901",3,423478,0.264777949627023
"rs902",2,334011,0.452403931971639
"rs903",11,488771,0.126081210537814
"rs904",10,416969,0.329481561970897
"rs905",16,500300,0.375242238375358
"rs906",20,529103,0.135597273532767
"rs907",3,431828,0.305921976023819
"rs908",4,556912,0.35218909739051
"rs909",7,499774,0.463644904410467
"rs910",10,423277,0.19650186401559
"rs911",20,554452,0.296038431639317
"rs912",17,470445,0.0522460303851403
"rs913",21,423307,0.216552263626363
"rs914",11,498995,0.336929641081952
"rs915",14,508504,0.32432315456681
"rs916",3,452502,0.418231476109941
"rs917",20,557016,0.103051308484282
"rs918",14,511031,0.348510952002835
"rs919",17,484798,0.140723264869303
"rs920",5,622234,0.314086793665774
"rs921",3,454684,0.362781490420457
"rs922",14,514729,0.287729666545056
"rs923",17,485740,0.216284679539967
"rs924",11,527811,0.364312582497951
"rs925",1,346975,0.263167005777359
"rs926",9,581500,0.153863531618845
"rs927",3,462919,0.254360613483004
"rs928",20,562217,0.0856363636325113
"rs929",12,438958,0.165956258180086
"rs930",22,333011,0.299336225329898
"rs931",12,449318,0.0597919069230557
"rs932",16,501551,0.144995928695425
"rs933",9,581527,0.336377026501577
"rs934",9,591251,0.372638196998741
"rs935",15,438494,0.399588082463015
"rs936",14,520760,0.0829438544111326
"rs937",3,477858,0.0944367671618238
"rs938",8,479485,0.475878002180252
"rs939",16,507652,0.468897533521522
"rs940",1,363633,0.464653193717822
"rs941",11,543898,0.342472391750198
"rs942",1,386611,0.120357664732728
"rs943",15,466522,0.459564650943503
"rs944",7,503210,0.46492784951115
"rs945",22,342295,0.126158276270144
"rs946",11,549928,0.0830152920098044
"rs947",5,646827,0.304803018982057
"rs948",16,515387,0.214432383608073
"rs949",17,489300,0.257074978516903
"rs950",17,489516,0.259131610579789
"rs951",8,487025,0.400508198654279
"rs952",3,492804,0.420649869332556
"rs953",20,564327,0.177059773483779
"rs954",8,497020,0.378490241360851
"rs955",21,424947,0.273187258688267
"rs956",14,520887,0.0798207354964688
"rs957",16,518253,0.066941523749847
"rs958",16,525861,0.156913283315953
"rs959",3,502557,0.148278249602299
"rs960",14,523317,0.240073823707644
"rs961",17,489906,0.297388234885875
"rs962",17,496770,0.371181922103278
"rs963",13,366027,0.15799734890461
"rs964",20,573640,0.453056905907579
"rs965",2,335252,0.267180704628117
"rs966",16,535986,0.168281150853727
"rs967",14,524567,0.193963442149106
"rs968",5,653563,0.348935888404958
"rs969",9,595693,0.377623112627771
"rs970",21,427829,0.307146177918185
"rs971",18,485869,0.445412784349173
"rs972",10,437167,0.234141475474462
"rs973",20,579940,0.142428105312865
"rs974",18,506004,0.261869187722914
"rs975",2,339146,0.220733498909976
"rs976",4,557576,0.161404233064968
"rs977",9,607620,0.466264636605047
"rs978",15,477611,0.259778617962729
"rs979",2,358245,0.056273757503368
"rs980",4,560633,0.474451132153627
"rs981",12,460535,0.218545544950757
"rs982",18,507930,0.053618690976873
"rs983",11,550161,0.491236026526894
"rs984",7,511553,0.219893025152851
"rs985",4,562044,0.493640399654396
"rs986",10,450043,0.112827375810593
"rs987",12,461114,0.302998146391474
"rs988",16,546335,0.407462087459862
"rs989",2,363034,0.137255615892354
"rs990",18,511336,0.369814326381311
"rs991",12,461637,0.304568609001581
"rs992",6,489665,0.0545520799118094
"rs993",10,491586,0.165627890522592
"rs994",17,504862,0.261941667296924
"rs995",8,500852,0.467088236229029
"rs996",7,513955,0.497881390468683
"rs997",14,551515,0.144492035184521
"rs998",11,577566,0.295334108697716
"rs999",10,502936,0.340426792576909
"rs1000",19,319304,0.455498591286596
"rs1001",15,483862,0.379544786305632
"rs1002",11,582159,0.324369815888349
"rs1003",14,568808,0.150967460125685
"rs1004",10,503599,0.462276956019923
"rs1005",15,494367,0.411242461157963
"rs1006",18,514675,0.190583875658922
"rs1007",1,394550,0.152263038326055
"rs1008",22,344307,0.345917841780465
"rs1009",20,598891,0.38107902033953
"rs1010",17,507955,0.259292414563242
"rs1011",9,619606,0.438622398185544
"rs1012",7,523961,0.353750262479298
"rs1013",4,572261,0.122660549986176
"rs1014",7,530922,0.0554406380280852
"rs1015",2,369743,0.439730612351559
"rs1016",20,617696,0.0953207545215264
"rs1017",16,550436,0.190504510037135
"rs1018",13,409039,0.245522773859557
"rs1019",20,651352,0.327090228884481
"rs1020",17,526160,0.202650825562887
"rs1021",7,534976,0.310990146268159
"rs1022",2,394409,0.423353661224246
"rs1023",22,347322,0.200578165519983
"rs1024",13,414828,0.221908548276406
"rs1025",7,552512,0.32256047060946
"rs1026",4,582307,0.273081151442602
"rs1027",3,503420,0.0991705476655625
"rs1028",17,533640,0.430667734972667
"rs1029",13,418334,0.250635440798942
"rs1030",4,591725,0.387669157178607
"rs1031",16,564947,0.407992378831841
"rs1032",8,506660,0.225814485712908
"rs1033",3,530971,0.0566815499798395
"rs1034",17,534324,0.384536672011018
"rs1035",21,459850,0.0807733304100111
"rs1036",13,422325,0.289409283851273
"rs1037",10,518085,0.105183686234523
"rs1038",5,665409,0.354096499620937
"rs1039",2,396097,0.0752090304973535
"rs1040",10,519841,0.409104223619215
"rs1041",4,593898,0.348172234056983
"rs1042",20,653292,0.15990862849867
"rs1043",11,591290,0.122167596744839
"rs1044",2,405274,0.076099955139216
"rs1045",14,621823,0.0568450372200459
"rs1046",4,608177,0.425009647221304
"rs1047",1,403774,0.167844748008065
"rs1048",14,627562,0.0749366717645898
"rs1049",14,630723,0.206615044781938
"rs1050",6,497129,0.311098284029868
"rs1051",21,460864,0.411898224067409
"rs1052",18,515258,0.203119576897006
"rs1053",2,413699,0.110682648897637
"rs1054",4,612258,0.398125814087689
"rs1055",17,540635,0.444757032440975
"rs1056",15,512785,0.494585615769029
"rs1057",21,474051,0.344668363314122
"rs1058",16,589480,0.164312286488712
"rs1059",12,466525,0.338655001996085
"rs1060",8,510380,0.252775571285747
"rs1061",2,424348,0.13863253868185
"rs1062",15,539433,0.322784368426073
"rs1063",16,599737,0.488583387399558
"rs1064",17,542517,0.139628471597098
"rs1065",3,538433,0.245641538093332
"rs1066",2,425518,0.202792430587579
"rs1067",11,592079,0.0653037090902217
"rs1068",1,404336,0.0946393534657545
"rs1069",10,524345,0.238654774730094
"rs1070",19,319740,0.0713022529846057
"rs1071",1,420054,0.0619381746393628
"rs1072",15,539447,0.12808042090619
"rs1073",18,517789,0.220138940447941
"rs1074",4,615379,0.314745252928697
"rs1075",2,494553,0.201393351599108
"rs1076",10,537340,0.272546729049645
"rs1077",1,436754,0.388547003641725
"rs1078",1,457163,0.126077950396575
"rs1079",8,516368,0.42963423646288
"rs1080",19,345266,0.194136285374407
"rs1081",8,522514,0.155249247339088
"rs1082",1,462172,0.189497104601469
"rs1083",10,551995,0.405459483468439
"rs1084",16,601261,0.164528487098869
"rs1085",7,560387,0.465270586579572
"rs1086",6,532338,0.116759073873982
"rs1087",22,352784,0.147415012901183
"rs1088",14,632043,0.331741315312684
"rs1089",10,561055,0.165681577974465
"rs1090",21,476325,0.368228186469059
"rs1091",4,615853,0.38408234823728
"rs1092",11,593580,0.1680603770772
"rs1093",12,483227,0.307678913557902
"rs1094",12,486086,0.462041882507037
"rs1095",6,540649,0.368789022648707
"rs1096",5,674911,0.429959781828802
"rs1097",16,607259,0.463974086369853
"rs1098",15,545828,0.182585603499319
"rs1099",19,352577,0.342793698911555
"rs1100",9,631159,0.113794785633218
"rs1101",1,468106,0.434089256869629
"rs1102",18,517885,0.349702977237757
"rs1103",10,562731,0.379997005697805
"rs1104",17,575730,0.191633157187607
"rs1105",20,658560,0.350473073078319
"rs1106",18,532046,0.258749020181131
"rs1107",6,548735,0.342627319076564
"rs1108",11,608293,0.403598843666259
"rs1109",11,611084,0.455766890349332
"rs1110",20,659458,0.287333396670874
"rs1111",7,568178,0.121149071771652
"rs1112",14,647170,0.171328438899945
"rs1113",22,353621,0.110543096496258
"rs1114",22,374432,0.156900899892207
"rs1115",19,354450,0.375375479937065
"rs1116",6,552134,0.332206444512121
"rs1117",19,363173,0.2535640217131
"rs1118",2,506329,0.335438138095196
"rs1119",20,664120,0.288273595797364
"rs1120",13,447039,0.198547873587813
"rs1121",12,487163,0.396831812313758
"rs1122",15,555406,0.335745125927497
"rs1123",2,507857,0.39846365780104
"rs1124",22,387070,0.130482123768888
"rs1125",6,554206,0.228381023206748
"rs1126",16,639327,0.4832221396151
"rs1127",15,580353,0.219791128661018
"rs1128",9,661699,0.0848997274064459
"rs1129",19,368639,0.288200799073093
"rs1130",2,521527,0.477375797147397
"rs1131",15,607289,0.435250874341
"rs1132",8,527929,0.297246264724527
"rs1133",5,688155,0.3492290937691
"rs1134",21,495862,0.27520166146569
"rs1135",7,574008,0.465832472383045
"rs1136",18,541648,0.0913675790885463
"rs1137",17,578685,0.273629010864534
"rs1138",20,666051,0.402000842313282
"rs1139",13,452627,0.441431093367282
"rs1140",14,652335,0.455698548187502
"rs1141",20,676819,0.415122119546868
"rs1142",2,522418,0.119178332318552
"rs1143",21,508212,0.378391427523457
"rs1144",6,555842,0.391776319907512
"rs1145",11,654686,0.347368769336026
"rs1146",11,660943,0.458615788805764
"rs1147",11,661807,0.225402739911806
"rs1148",7,574306,0.480640255170874
"rs1149",7,581351,0.255463866190985
"rs1150",7,581368,0.137753867544234
"rs1151",19,375280,0.31582365486538
"rs1152",22,389078,0.119929412030615
"rs1153",10,571931,0.28377323547611
"rs1154",16,639541,0.235777860914823
"rs1155",11,672452,0.422247627610341
"rs1156",22,390535,0.303393146093003
"rs1157",1,476991,0.255413966835476
"rs1158",12,494226,0.136556881375145
"rs1159",1,480359,0.262376075668726
"rs1160",20,681605,0.154625109978952
"rs1161",5,737925,0.191335869836621
"rs1162",17,579790,0.440083420381416
"rs1163",1,486611,0.25024428818142
"rs1164",19,393466,0.245267788507044
"rs1165",2,536421,0.262664636515547
"rs1166",1,501882,0.425030770560261
"rs1167",9,663454,0.0546534985303879
"rs1168",2,536816,0.189108263503294
"rs1169",10,581032,0.0887688371702097
"rs1170",13,465879,0.420353191869799
"rs1171",20,687175,0.261998246191069
"rs1172",2,540540,0.289551166526508
"rs1173",20,689147,0.227927943097893
"rs1174",20,694715,0.254496726265643
"rs1175",13,470352,0.101705426187254
"rs1176",13,483177,0.063990879256744
"rs1177",13,486028,0.0604448954225518
"rs1178",9,667840,0.0848837053985335
"rs1179",12,529037,0.212688992905896
"rs1180",3,557229,0.392633926274721
"rs1181",6,561474,0.384476738783997
"rs1182",13,499965,0.0939614915638231
"rs1183",16,648791,0.48285743787419
"rs1184",3,557973,0.114441992819775
"rs1185",22,399553,0.268097783531994
"rs1186",14,664291,0.304209945583716
"rs1187",14,673895,0.469537515717093
"rs1188",22,412888,0.419011146808043
"rs1189",14,682933,0.289887367805932
"rs1190",17,589812,0.223011041164864
"rs1191",9,673065,0.295694740500767
"rs1192",19,402046,0.408527570683509
"rs1193",16,652942,0.332304512988776
"rs1194",21,513675,0.0967806502943858
"rs1195",22,425155,0.136396629340015
"rs1196",21,533687,0.428949695127085
"rs1197",4,645955,0.265719475608785
"rs1198",21,542023,0.399767264607362
"rs1199",12,547388,0.418180610740092
"rs1200",3,559825,0.18362027296098
"rs1201",14,699661,0.152019472687971
"rs1202",22,441118,0.329161051928531
"rs1203",22,446461,0.218244007765315
"rs1204",13,500844,0.448687588155735
"rs1205",14,743298,0.10648922349792
"rs1206",18,549077,0.121098465821706
"rs1207",10,585343,0.337308136606589
"rs1208",20,697487,0.13375875283964
"rs1209",10,599332,0.349028905841988
"rs1210",18,569071,0.280411634547636
"rs1211",16,677553,0.383728928223718
"rs1212",13,512811,0.20143086333992
"rs1213",12,552016,0.100070802308619
"rs1214",21,548346,0.231030330946669
"rs1215",9,681535,0.294214433117304
"rs1216",10,619889,0.383117579238024
"rs1217",20,705916,0.127656536432914
"rs1218",10,625655,0.313918442092836
"rs1219",2,547863,0.274930944014341
"rs1220",6,563364,0.47136135508772
"rs1221",2,564847,0.459636399615556
"rs1222",13,515779,0.118807974155061
"rs1223",15,613899,0.188283877342474
"rs1224",18,573929,0.364232375752181
"rs1225",18,588250,0.393446858564857
"rs1226",11,677758,0.279441344598308
"rs1227",7,582200,0.152027227415238
"rs1228",14,750099,0.124637640826404
"rs1229",18,589149,0.192261717782822
"rs1230",6,585311,0.0702234888449311
"rs1231",2,570768,0.351305786031298
"rs1232",16,692828,0.38582472797716
"rs1233",18,601101,0.161840013135225
"rs1234",22,450780,0.260128949978389
"rs1235",9,694095,0.06992929703556
"rs1236",9,702273,0.0942196551244706
"rs1237",1,517558,0.453692535904702
"rs1238",2,596846,0.326816817384679
"rs1239",18,632974,0.338319500081707
"rs1240",6,592649,0.257450954441447
"rs1241",18,662513,0.175879153818823
"rs1242",3,567256,0.47522761070868
"rs1243",17,601502,0.0603822760051116
"rs1244",2,611786,0.129790726769716
"rs1245",2,625150,0.487142657267395
"rs1246",6,597259,0.409881990368012
"rs1247",6,624484,0.499842956347857
"rs1248",14,761232,0.167334553715773
"rs1249",1,538444,0.311982196266763
"rs1250",4,648675,0.082532374735456
"rs1251",20,730123,0.41102766514523
"rs1252",13,526185,0.446254414285067
"rs1253",15,643302,0.450333292596042
"rs1254",11,681927,0.0550971530843526
"rs1255",7,582930,0.158630254783202
"rs1256",22,458575,0.323271003912669
"rs1257",12,558372,0.213224254222587
"rs1258",4,659951,0.369143896712922
"rs1259",3,567483,0.0689328322885558
"rs1260",17,602617,0.345726963842753
"rs1261",6,633984,0.153810248908121
"rs1262",2,629532,0.172839817684144
"rs1263",6,645707,0.379923699982464
"rs1264",15,651782,0.130215290386695
"rs1265",14,763819,0.22353542088531
"rs1266",8,531062,0.357959552307148
"rs1267",3,568887,0.23683597141644
"rs1268",8,538385,0.293972827482503
"rs1269",8,557653,0.254835446097422
"rs1270",6,662632,0.10717899723677
"rs1271",20,753478,0.0640329107292928
"rs1272",11,688775,0.124543941731099
"rs1273",22,460481,0.409496320248581
"rs1274",4,667334,0.114074616832659
"rs1275",11,700360,0.0834983788081445
"rs1276",20,754213,0.0628583034034818
"rs1277",4,677397,0.237826356454752
"rs1278",17,609529,0.43431261688238
"rs1279",4,681795,0.198720023210626
"rs1280",20,755303,0.24999643205665
"rs1281",3,572849,0.236067456193268
"rs1282",1,539271,0.208287852839567
"rs1283",15,683224,0.467532625771128
"rs1284",16,698390,0.468524550355505
"rs1285",2,636591,0.176118421950378
"rs1286",18,673082,0.378189477301203
"rs1287",20,757599,0.147553204814903
"rs1288",11,705406,0.473111499822699
"rs1289",1,544532,0.0789345379336737
"rs1290",13,533666,0.494901011278853
"rs1291",1,600708,0.144593816110864
"rs1292",20,763025,0.193339594907593
"rs1293",3,575467,0.104796448908746
"rs1294",20,765617,0.312896410760004
"rs1295",12,558733,0.346254535182379
"rs1296",16,706412,0.498274262424093
"rs1297",1,601723,0.137330405099783
"rs1298",2,657210,0.417423523613252
"rs1299",4,698019,0.32875342698535
"rs1300",22,468706,0.49352319885511
"rs1301",5,748432,0.248806384322234
"rs1302",19,428734,0.375883350241929
"rs1303",3,584072,0.0841318804305047
"rs1304",2,692152,0.333654238388408
"rs1305",8,564874,0.146563903137576
"rs1306",20,766931,0.46360739832744
"rs1307",10,629918,0.415378401475027
"rs1308",5,761668,0.43525216714479
"rs1309",19,463931,0.417540760664269
"rs1310",5,763084,0.237695760640781
"rs1311",22,474494,0.489897096704226
"rs1312",4,704734,0.274713646946475
"rs1313",15,683988,0.274357249052264
"rs1314",3,594178,0.204562513460405
"rs1315",15,696898,0.0803072273381986
"rs1316",7,589893,0.45831440249458
"rs1317",15,738976,0.14950388103025
"rs1318",22,483231,0.183948751888238
"rs1319",2,706036,0.346344108181074
"rs1320",11,712359,0.304978959320579
"rs1321",8,588243,0.487081575510092
"rs1322",20,772027,0.0972195049514994
"rs1323",2,731643,0.294709516619332
"rs1324",18,674574,0.461917460698169
"rs1325",22,497783,0.44282183162868
"rs1326",19,472225,0.457042509142775
"rs1327",14,775379,0.400451253575739
"rs1328",10,638081,0.125226981553715
"rs1329",3,597744,0.104623209114652
"rs1330",2,738394,0.103232358745299
"rs1331",6,724760,0.244430416054092
"rs1332",21,554746,0.399824135086965
"rs1333",11,737792,0.45684414281277
"rs1334",12,562239,0.241909826057963
"rs1335",18,685419,0.414279997802805
"rs1336",7,605910,0.26076879670145
"rs1337",13,535862,0.35537139379885
"rs1338",13,540303,0.391426647861954
"rs1339",11,738928,0.35751182687236
"rs1340",13,567585,0.431410825997591
"rs1341",21,558732,0.190206459304318
"rs1342",14,775656,0.132245061174035
"rs1343",10,643932,0.0920840765349567
"rs1344",16,717444,0.0566575671546161
"rs1345",13,587224,0.456085986259859
"rs1346",21,560605,0.408223813131917
"rs1347",1,649600,0.0849973543663509
"rs1348",7,624087,0.0957843906944618
"rs1349",3,602959,0.128251441172324
"rs1350",16,726023,0.287905109208077
"rs1351",10,652125,0.380891306570265
"rs1352",17,620782,0.103198399255052
"rs1353",1,651454,0.0965477264253423
"rs1354",4,709511,0.298518558836076
"rs1355",22,503603,0.180733355553821
"rs1356",2,738579,0.248198236071039
"rs1357",2,739663,0.10329993700143
"rs1358",5,771745,0.464728373731487
"rs1359",5,772999,0.379665274068248
"rs1360",19,477491,0.257688708382193
"rs1361",22,525722,0.352541492087767
"rs1362",14,777912,0.17982248502085
"rs1363",7,634383,0.348550435062498
"rs1364",2,739715,0.218780889408663
"rs1365",14,791492,0.351915593794547
"rs1366",4,710740,0.235726053314283
"rs1367",12,566653,0.370094105403405
"rs1368",8,629032,0.176484180754051
"rs1369",16,726823,0.382417015056126
"rs1370",19,485871,0.308714654226787
"rs1371",1,664401,0.0610231935163029
"rs1372",20,774673,0.213212626532186
"rs1373",22,551051,0.248382172535639
"rs1374",15,739999,0.231530878716148
"rs1375",11,757406,0.295147475565318
"rs1376",18,701897,0.438438427669462
"rs1377",17,634528,0.394553595315665
"rs1378",3,605889,0.0794398586731404
"rs1379",4,731743,0.102883089135867
"rs1380",1,668043,0.189404693280812
"rs1381",13,614099,0.188905238197185
"rs1382",17,642666,0.37955155762611
"rs1383",21,580455,0.113671111490112
"rs1384",16,730661,0.489907956926618
"rs1385",21,601252,0.434659557160921
"rs1386",6,731981,0.312765679473523
"rs1387",7,644724,0.454803914239164
"rs1388",7,654297,0.0542050443938933
"rs1389",22,568701,0.403050688782241
"rs1390",21,602474,0.458510664966889
"rs1391",20,802889,0.0998499019653536
"rs1392",14,797324,0.259619451488834
"rs1393",15,756148,0.353456717333756
"rs1394",5,782803,0.259453607362229
"rs1395",16,732202,0.443759243772365
"rs1396",1,676105,0.230488491302822
"rs1397",10,654628,0.305008315574378
"rs1398",15,765873,0.344167585775722
"rs1399",19,517799,0.178546878276393
"rs1400",21,608462,0.451375182857737
"rs1401",21,608538,0.112421005009674
"rs1402",4,741537,0.30073736354243
"rs1403",15,768003,0.163817791815382
"rs1404",21,620753,0.0831227768212557
"rs1405",18,703556,0.3931918813847
"rs1406",9,711959,0.322865949175321
"rs1407",21,635701,0.199847239360679
"rs1408",1,684087,0.459348628448788
"rs1409",1,696124,0.315512238559313
"rs1410",8,658296,0.475891578244045
"rs1411",21,673248,0.456048742425628
"rs1412",17,645127,0.224135617434513
"rs1413",3,611056,0.373316447716206
"rs1414",18,707257,0.422306174680125
"rs1415",19,555710,0.461219920078292
"rs1416",22,578847,0.108778459450696
"rs1417",5,792495,0.0699876845348626
"rs1418",4,748491,0.494705240509938
"rs1419",8,666239,0.225265709205996
"rs1420",16,736122,0.369974035897758
"rs1421",4,749481,0.286673034611158
"rs1422",10,660644,0.224105573864654
"rs1423",13,623274,0.373355073831044
"rs1424",21,673381,0.44608132285066
"rs1425",16,742789,0.104522088367958
"rs1426",19,562614,0.215173506562132
"rs1427",21,686640,0.405469338595867
"rs1428",7,689879,0.14702010435285
"rs1429",6,765236,0.32932704242412
"rs1430",19,612124,0.219975060620345
"rs1431",3,640034,0.321815884986427
"rs1432",8,694259,0.304033220699057
"rs1433",18,712612,0.362499485060107
"rs1434",14,807861,0.416364658949897
"rs1435",18,722004,0.254157905536704
"rs1436",10,661177,0.216484112781473
"rs1437",15,797947,0.42019656720804
"rs1438",12,590568,0.280680922151078
"rs1439",19,620387,0.383711821387988
"rs1440",12,616414,0.432202315179165
"rs1441",15,810979,0.248134871921502
"rs1442",12,624718,0.232658737967722
"rs1443",6,805358,0.432912924862467
"rs1444",12,627456,0.377161075407639
"rs1445",2,759130,0.326781613181811
"rs1446",11,761369,0.365000478480943
"rs1447",19,633064,0.386677833786234
"rs1448",14,811748,0.167831439222209
"rs1449",12,634618,0.17428849323187
"rs1450",18,723333,0.13975869724527
"rs1451",18,727110,0.474348198610824
"rs1452",22,582767,0.172015556518454
"rs1453",17,650535,0.27428389210254
"rs1454",21,694133,0.0665095468633808
"rs1455",9,718255,0.410781754774507
"rs1456",19,640370,0.232351054647006
"rs1457",3,652584,0.25705665735295
"rs1458",18,741884,0.469018467725255
"rs1459",17,659046,0.225446326541714
"rs1460",11,776883,0.385617366083898
"rs1461",8,696476,0.40262382349465
"rs1462",15,828944,0.143355313956272
"rs1463",15,858204,0.0754370283219032
"rs1464",8,709536,0.199181225174107
"rs1465",17,659216,0.35771233352134
"rs1466",7,698311,0.395498420728836
"rs1467",22,592282,0.343872226157691
"rs1468",12,636044,0.470211797393858
"rs1469",18,749828,0.0515821782057174
"rs1470",6,826376,0.220275091682561
"rs1471",18,764668,0.339666823018342
"rs1472",20,804373,0.0945826750365086
"rs1473",18,776255,0.0567785578314215
"rs1474",22,609294,0.116854281711858
"rs1475",14,825483,0.385389640985522
"rs1476",14,826716,0.43373603791697
"rs1477",6,840266,0.196225455775857
"rs1478",3,660389,0.17000127894571
"rs1479",2,766980,0.15959634896135
"rs1480",8,718037,0.480312631197739
"rs1481",12,684695,0.273770932725165
"rs1482",20,808649,0.362503208930138
"rs1483",22,611453,0.461809361283667
"rs1484",18,786918,0.324014804151375
"rs1485",1,724117,0.168173986021429
"rs1486",8,738096,0.463518831995316
"rs1487",6,841712,0.370225885370746
"rs1488",20,818444,0.06972286720993
"rs1489",21,697708,0.335078432073351
"rs1490",18,791739,0.43372957452666
"rs1491",10,682288,0.103593136707786
"rs1492",21,711001,0.47841705646133
"rs1493",5,811285,0.0683779368875548
"rs1494",13,632281,0.126769991754554
"rs1495",9,728431,0.0604190343176015
"rs1496",14,828985,0.225459457945544
"rs1497",14,830042,0.369174713408574
"rs1498",2,784009,0.345089995570015
"rs1499",12,684792,0.268764222576283
"rs1500",10,687723,0.086325423233211
"rs1501",9,744750,0.48554798028199
"rs1502",10,717218,0.302122789353598
"rs1503",10,724654,0.372607772576157
"rs1504",10,730817,0.177541140210815
"rs1505",7,700395,0.4110138066113
"rs1506",17,670096,0.333148711244576
"rs1507",17,683975,0.459032410359941
"rs1508",9,754931,0.228256335062906
"rs1509",6,857087,0.188727986300364
"rs1510",3,667203,0.379262373375241
"rs1511",4,762430,0.362753855809569
"rs1512",7,708582,0.245885074499529
"rs1513",4,765928,0.413383950665593
"rs1514",4,772415,0.187525870196987
"rs1515",13,641665,0.461549890984315
"rs1516",1,738855,0.333423225278966
"rs1517",7,711478,0.399723916128278
"rs1518",18,818784,0.372714751539752
"rs1519",8,779977,0.348429285234306
"rs1520",14,837715,0.36639140030602
"rs1521",5,816783,0.136686131579336
"rs1522",1,748491,0.319135196553543
"rs1523",3,675010,0.39522673485335
"rs1524",7,725909,0.156369169347454
"rs1525",1,761672,0.361200228147209
"rs1526",7,728810,0.0915075849508867
"rs1527",8,785213,0.381668558146339
"rs1528",16,744144,0.475106482149567
"rs1529",13,659037,0.3488394432934
"rs1530",2,796993,0.350337008596398
"rs1531",22,617807,0.239009753463324
"rs1532",13,659584,0.112085115117952
"rs1533",16,747981,0.261214301141445
"rs1534",13,677345,0.0921894091879949
"rs1535",7,772777,0.389333008020185
"rs1536",1,812523,0.214847557502799
"rs1537",7,774837,0.305661371757742
"rs1538",14,841547,0.222359591373242
"rs1539",1,814802,0.141457415022887
"rs1540",2,797154,0.290869423642289
"rs1541",13,686846,0.223631262080744
"rs1542",16,751772,0.438028411683626
"rs1543",13,687055,0.0921035951585509
"rs1544",3,678593,0.0785518420278095
"rs1545",17,705289,0.125043816748075
"rs1546",19,670709,0.471044854109641
"rs1547",20,833567,0.249129038874526
"rs1548",20,859247,0.353478327242192
"rs1549",3,694166,0.0662350995698944
"rs1550",14,851851,0.260789489629678
"rs1551",11,782437,0.0705441065947525
"rs1552",4,788106,0.329015162179712
"rs1553",21,711181,0.439201394701377
"rs1554",18,820964,0.138141122262459
"rs1555",20,870925,0.176944303966593
"rs1556",14,854151,0.43933418992674
"rs1557",13,711270,0.0644157712347806
"rs1558",22,650546,0.402059918909799
"rs1559",4,789789,0.254781272285618
"rs1560",7,783632,0.0860548498458229
"rs1561",3,701071,0.458042391506024
"rs1562",8,787539,0.135052994545549
"rs1563",2,798450,0.385743140731938
"rs1564",17,714924,0.24420383592369
"rs1565",11,790392,0.351739488751628
"rs1566",7,801077,0.134353045700118
"rs1567",21,714556,0.446784427796956
"rs1568",17,715046,0.0719903518096544
"rs1569",2,801073,0.149092199036386
"rs1570",21,721074,0.167810209747404
"rs1571",6,865973,0.395244456815999
"rs1572",22,711192,0.223683126887772
"rs1573",12,690945,0.175357899081428
"rs1574",13,743044,0.0849269804311916
"rs1575",12,694321,0.275137188285589
"rs1576",13,753084,0.253153152239975
"rs1577",1,825706,0.493970725953113
"rs1578",8,790166,0.113960453215986
"rs1579",8,798414,0.425226088182535
"rs1580",4,801904,0.063288270519115
"rs1581",9,781173,0.40044141667895
"rs1582",4,803776,0.152903273131233
"rs1583",1,833974,0.110237053304445
"rs1584",15,886576,0.135774915711954
"rs1585",16,776080,0.147139087878168
"rs1586",19,689014,0.470377126452513
"rs1587",16,796632,0.494967944547534
"rs1588",19,720140,0.189511217840482
"rs1589",22,718771,0.111708895699121
"rs1590",13,757639,0.347443613025825
"rs1591",22,742625,0.313211019523442
"rs1592",5,819561,0.204829399648588
"rs1593",11,834192,0.41628044230165
"rs1594",10,735889,0.177432781795505
"rs1595",16,829172,0.430628477281425
"rs1596",22,752118,0.111659848468844
"rs1597",10,744595,0.437876490317285
"rs1598",12,696954,0.0802042784984224
"rs1599",13,762337,0.245843795931432
"rs1600",15,893455,0.356060731783509
"rs1601",12,700171,0.142622114100959
"rs1602",19,724615,0.474142571352422
"rs1603",3,705775,0.220695706375409
"rs1604",4,804219,0.331808063550852
"rs1605",7,805181,0.132576080865692
"rs1606",5,823799,0.346643428248353
"rs1607",17,722906,0.380611809808761
"rs1608",1,834779,0.273055744846351
"rs1609",4,806781,0.440923434705473
"rs1610",17,725678,0.424327075004112
"rs1611",18,830616,0.492484471399803
"rs1612",12,700730,0.350082601280883
"rs1613",20,875507,0.339287063921802
"rs1614",9,793808,0.0703153781825677
"rs1615",2,807547,0.135880899115
"rs1616",12,737236,0.064664259669371
"rs1617",3,706378,0.431237515062094
"rs1618",5,835771,0.241005765192676
"rs1619",22,761073,0.417741547373589
"rs1620",1,840317,0.118246996949892
"rs1621",6,870293,0.232629847538192
"rs1622",9,797134,0.375129019189626
"rs1623",14,870868,0.0768352228100412
"rs1624",21,737808,0.198657150450163
"rs1625",14,871456,0.39954380086856
"rs1626",17,738364,0.428206705313642
"rs1627",22,775559,0.441761688620318
"rs1628",8,809640,0.478868855710607
"rs1629",18,847511,0.222780088614672
"rs1630",11,846204,0.477784384961706
"rs1631",20,910120,0.366847081528977
"rs1632",20,936998,0.239891627221368
"rs1633",9,798034,0.226092242286541
"rs1634",5,884080,0.144755035522394
"rs1635",10,755577,0.388616081420332
"rs1636",20,942131,0.250285032717511
"rs1637",4,830101,0.253991679090541
"rs1638",18,864800,0.0874628866789862
"rs1639",3,718762,0.214326062938198
"rs1640",20,953862,0.452728807623498
"rs1641",11,858691,0.29499703067122
"rs1642",21,753090,0.0638721798779443
"rs1643",8,814006,0.22479488743702
"rs1644",3,735325,0.101027860690374
"rs1645",17,776869,0.174764506542124
"rs1646",2,814764,0.373783923953306
"rs1647",19,732841,0.219211333245039
"rs1648",3,737875,0.335506979504134
"rs1649",19,767195,0.273536506609526
"rs1650",10,761956,0.413368905987591
"rs1651",20,963355,0.311984783655498
"rs1652",13,773584,0.127405761519913
"rs1653",17,788734,0.471780967828818
"rs1654",18,865721,0.0742148936144076
"rs1655",20,967379,0.0892544842208736
"rs1656",15,910348,0.428701102547348
"rs1657",2,819143,0.239400167425629
"rs1658",3,741199,0.372868723748252
"rs1659",6,886049,0.381267828994896
"rs1660",6,887876,0.494361745298374
"rs1661",18,888838,0.48243520379765
"rs1662",9,799532,0.113807180477306
"rs1663",5,889818,0.349228092131671
"rs1664",14,873398,0.0649194089928642
"rs1665",18,892591,0.272531007742509
"rs1666",21,764502,0.406108590203803
"rs1667",18,898234,0.220644389116205
"rs1668",3,766859,0.476734712626785
"rs1669",21,784265,0.347304101171903
"rs1670",4,847608,0.244744292867836
"rs1671",17,794707,0.427407169190701
"rs1672",16,868634,0.412114425306208
"rs1673",12,740118,0.242178037320264
"rs1674",22,776433,0.198225729283877
"rs1675",19,779917,0.3042682308238
"rs1676",11,870465,0.437553127389401
"rs1677",17,804050,0.313641961140092
"rs1678",11,871147,0.340304057730828
"rs1679",17,817578,0.395187831297517
"rs1680",22,821983,0.361785660812166
"rs1681",3,815594,0.440058957273141
"rs1682",10,807918,0.0926138985203579
"rs1683",12,750364,0.324472682375927
"rs1684",14,878675,0.158393655344844
"rs1685",15,917638,0.261338746524416
"rs1686",18,899022,0.177764939016197
"rs1687",2,822222,0.463298575382214
"rs1688",10,808934,0.229884822131135
"rs1689",10,809186,0.304405097139534
"rs1690",18,900943,0.0863946555531584
"rs1691",11,889464,0.474215083196759
"rs1692",12,753867,0.381100372399669
"rs1693",5,909050,0.263890497293323
"rs1694",5,912215,0.131829461897723
"rs1695",9,834881,0.378665096242912
"rs1696",3,828415,0.326582169777248
"rs1697",11,904586,0.0774687155266292
"rs1698",21,809232,0.0739829224534333
"rs1699",14,882514,0.254865341726691
"rs1700",17,817945,0.131432961625978
"rs1701",13,789806,0.271087665809318
"rs1702",12,767726,0.491842151700985
"rs1703",14,891047,0.150854948267806
"rs1704",21,819567,0.370637894887477
"rs1705",10,822955,0.117556726688053
"rs1706",21,830225,0.286576627742033
"rs1707",5,918956,0.422814120526891
"rs1708",18,901684,0.10708724494325
"rs1709",10,828084,0.418857476767153
"rs1710",22,830859,0.160701537365094
"rs1711",8,815984,0.0936580844805576
"rs1712",9,834944,0.123665654065553
"rs1713",5,920251,0.348959841788746
"rs1714",8,819638,0.354842652555089
"rs1715",16,874126,0.109828344266862
"rs1716",1,842663,0.490785793121904
"rs1717",18,907224,0.115975614031777
"rs1718",12,787707,0.473817539273296
"rs1719",10,850261,0.365158285200596
"rs1720",16,876394,0.305583306588233
"rs1721",1,846107,0.160857045243029
"rs1722",13,812782,0.203392189601436
"rs1723",19,783962,0.427892875438556
"rs1724",19,807945,0.464684659801424
"rs1725",19,835846,0.28191419923678
"rs1726",22,834958,0.44965048924787
"rs1727",2,859414,0.366832491359673
"rs1728",13,832000,0.240693255362567
"rs1729",12,798737,0.185121096519288
"rs1730",13,843932,0.48352299828548
"rs1731",12,813025,0.10616926823277
"rs1732",8,821776,0.356153239810374
"rs1733",13,850773,0.418927614646964
"rs1734",18,923354,0.147323669854086
"rs1735",15,927811,0.31733923057327
"rs1736",3,840608,0.122763168788515
"rs1737",8,848913,0.232486933784094
"rs1738",5,924745,0.157498294580728
"rs1739",12,818788,0.287419480492827
"rs1740",21,875780,0.351929660513997
"rs1741",4,864144,0.458404236589558
"rs1742",22,862526,0.199758732120972
"rs1743",7,852337,0.159141424729023
"rs1744",8,886837,0.18949493127875
"rs1745",10,866284,0.152062490710523
"rs1746",3,841366,0.105351410526782
"rs1747",11,955365,0.170490031491499
"rs1748",22,863922,0.465644136676565
"rs1749",9,844073,0.075417871796526
"rs1750",3,852793,0.275654816068709
"rs1751",18,928086,0.407203671289608
"rs1752",6,890395,0.427067305333912
"rs1753",17,830098,0.309323150746059
"rs1754",15,930963,0.15883254049113
"rs1755",16,879219,0.311928001185879
"rs1756",2,867600,0.111882005259395
"rs1757",11,956993,0.267220545804594
"rs1758",17,831043,0.092158525751438
"rs1759",16,881185,0.18723628759617
"rs1760",3,875314,0.354517409566324
"rs1761",7,859768,0.14231074473355
"rs1762",15,932279,0.227713327715173
"rs1763",2,873363,0.411283897724934
"rs1764",16,890252,0.152744312537834
"rs1765",2,874037,0.084608383034356
"rs1766",12,824858,0.400201208516955
"rs1767",2,887120,0.351562863506842
"rs1768",9,874868,0.279999353142921
"rs1769",14,902992,0.146300927107222
"rs1770",5,924888,0.134461984457448
"rs1771",6,899534,0.325016229099128
"rs1772",4,865663,0.0674336703377776
"rs1773",15,933341,0.153248249005992
"rs1774",19,835990,0.420772050344385
"rs1775",10,880695,0.185165712446906
"rs1776",19,878823,0.0572413142188452
"rs1777",8,900726,0.482712616294157
"rs1778",15,945230,0.0894860120839439
"rs1779",3,876513,0.386610528675374
"rs1780",7,859978,0.426203695638105
"rs1781",9,879990,0.0571912406245247
"rs1782",3,877642,0.433787674212363
"rs1783",4,888601,0.29763376932824
"rs1784",19,879918,0.202859333786182
"rs1785",13,866789,0.196565842349082
"rs1786",7,869188,0.337649050401524
"rs1787",12,826625,0.107531283493154
"rs1788",7,877296,0.190004495671019
"rs1789",13,933343,0.312387172947638
"rs1790",7,888254,0.39163830736652
"rs1791",16,900226,0.298266413796227
"rs1792",6,914390,0.359504287398886
"rs1793",8,902794,0.217068951902911
"rs1794",21,877090,0.45803608559072
"rs1795",4,929700,0.4890808956814
"rs1796",4,930119,0.394742381654214
"rs1797",9,884766,0.0555197511450388
"rs1798",18,934305,0.285171789128799
"rs1799",14,906532,0.409570813155733
"rs1800",2,889230,0.143355006654747
"rs1801",15,952095,0.223826802766416
"rs1802",7,888750,0.29407225047471
"rs1803",12,830407,0.384913886990398
"rs1804",3,883405,0.199999594280962
"rs1805",1,850639,0.196211857185699
"rs1806",12,831294,0.240684366563801
"rs1807",9,896945,0.174335607071407
"rs1808",4,943501,0.331740567332599
"rs1809",9,906675,0.069619030202739
"rs1810",1,853500,0.322940654039849
"rs1811",18,938282,0.23767209360376
"rs1812",17,835729,0.0696285601123236
"rs1813",9,914628,0.49703348322073
"rs1814",19,887394,0.331952468445525
"rs1815",3,927783,0.427478068252094
"rs1816",7,891558,0.228688083437737
"rs1817",12,835553,0.478890043590218
"rs1818",4,944465,0.220279001106974
"rs1819",16,957384,0.418952789378818
"rs1820",18,943493,0.0532519481377676
"rs1821",13,940029,0.44318419439951
"rs1822",6,914743,0.0832747970940545
"rs1823",17,839522,0.417516912892461
"rs1824",22,897821,0.313719366444275
"rs1825",3,940909,0.357235859520733
"rs1826",19,891875,0.371370975614991
"rs1827",15,957088,0.176047375367489
"rs1828",21,892346,0.353081101202406
"rs1829",11,970972,0.183667720295489
"rs1830",4,948969,0.306970598630141
"rs1831",13,951834,0.0746177816297859
"rs1832",3,941488,0.206423787563108
"rs1833",5,925697,0.273955587937962
"rs1834",3,951190,0.28926004312234
"rs1835",3,997990,0.417095769825391
"rs1836",14,908420,0.2796469099354
"rs1837",12,842393,0.432025610725395
"rs1838",19,911774,0.317386788444128
"rs1839",17,863660,0.292052881105337
"rs1840",4,949511,0.332168186048511
"rs1841",22,902736,0.181388214265462
"rs1842",11,972832,0.305257612233982
"rs1843",21,900850,0.499774992105085
"rs1844",10,884242,0.464204285806045
"rs1845",7,921731,0.396204437233973
"rs1846",2,895262,0.429679720231798
"rs1847",13,953932,0.465025940828491
"rs1848",1,870737,0.320355561526958
"rs1849",10,904110,0.215510867687408
"rs1850",21,904111,0.386151575366966
"rs1851",12,867530,0.268187332642265
"rs1852",13,954047,0.052164870093111
"rs1853",14,917039,0.352914100582711
"rs1854",11,976128,0.231641410349403
"rs1855",15,968387,0.478931915597059
"rs1856",18,944024,0.110467138746753
"rs1857",9,919337,0.219973975478206
"rs1858",16,962612,0.454935664765071
"rs1859",20,969023,0.411503454449121
"rs1860",22,917692,0.277892304770648
"rs1861",13,960911,0.0581421811599284
"rs1862",8,904065,0.162622909399215
"rs1863",9,953719,0.187694667372853
"rs1864",9,954490,0.347775817918591
"rs1865",7,926784,0.0941796495579183
"rs1866",2,903449,0.484380702930503
"rs1867",6,928926,0.44025064605521
"rs1868",1,876038,0.178188157023396
"rs1869",12,899074,0.245609257079195
"rs1870",5,926301,0.203427068900783
"rs1871",8,912124,0.206658488814719
"rs1872",20,971095,0.186877948138863
"rs1873",17,883550,0.461532185680699
"rs1874",9,970915,0.17761048306711
"rs1875",1,879137,0.440531293547247
"rs1876",2,916367,0.417511082650162
"rs1877",2,918655,0.133064205606934
"rs1878",20,977999,0.152251914388034
"rs1879",10,922135,0.349531626724638
"rs1880",1,903530,0.260635664628353
"rs1881",16,963600,0.0993380287778564
"rs1882",21,912403,0.115541733929422
"rs1883",8,912424,0.192728450021241
"rs1884",8,938258,0.323241349263117
"rs1885",2,920126,0.476156867993996
"rs1886",7,927472,0.240163776301779
"rs1887",15,980349,0.466919860348571
"rs1888",7,943764,0.094838492188137
"rs1889",16,965956,0.43983003157191
"rs1890",12,903525,0.167219703726005
"rs1891",11,988280,0.177814579685219
"rs1892",1,907371,0.124636103480589
"rs1893",1,910009,0.0634804826462641
"rs1894",13,967658,0.0941533886361867
"rs1895",20,983844,0.103935988293961
"rs1896",1,928329,0.13736754929414
"rs1897",5,932256,0.423316668637563
"rs1898",2,926313,0.0568914170144126
"rs1899",19,926482,0.223560908262152
"rs1900",20,989153,0.461460204410832
"rs1901",1,940551,0.0568785489071161
"rs1902",17,890504,0.189342950610444
"rs1903",4,951613,0.24282621020684
"rs1904",22,930326,0.302958979539108
"rs1905",4,954510,0.464344460144639
"rs1906",22,930648,0.282615088636521
"rs1907",14,932717,0.383017986407504
"rs1908",20,999844,0.328030764125288
"rs1909",4,955337,0.142587279330473
"rs1910",22,933720,0.278910068352707
"rs1911",10,925103,0.0774780565290712
"rs1912",18,948193,0.398525957553647
"rs1913",14,934867,0.141911088780034
"rs1914",1,946588,0.435683117562439
"rs1915",21,929801,0.281197316956241
"rs1916",4,957697,0.163229606323876
"rs1917",8,949559,0.415737251075916
"rs1918",16,983972,0.0801511509576812
"rs1919",18,957640,0.0617870654794388
"rs1920",22,942188,0.318315340497065
"rs1921",2,933717,0.431102194893174
"rs1922",14,937088,0.253579622635152
"rs1923",1,982567,0.275979789788835
"rs1924",8,954740,0.144346823322121
"rs1925",4,960667,0.372013785655145
"rs1926",19,947251,0.291371024074033
"rs1927",14,954133,0.0721127428929322
"rs1928",11,995498,0.420221696153749
"rs1929",13,971138,0.163623409403954
"rs1930",18,964352,0.284652020293288
"rs1931",1,986959,0.197146445151884
"rs1932",14,954605,0.0996659785974771
"rs1933",17,898724,0.433279476908501
"rs1934",5,942870,0.331088016577996
"rs1935",2,934917,0.431629710702691
"rs1936",22,946348,0.106705315143336
"rs1937",12,919973,0.350713225710206
"rs1938",19,964004,0.32356986370869
"rs1939",21,953826,0.475549860834144
"rs1940",8,973957,0.311280992964748
"rs1941",21,958953,0.186409783852287
"rs1942",6,948882,0.470650611817837
"rs1943",14,959383,0.429961713019293
"rs1944",1,993435,0.241058009699918
"rs1945",17,901032,0.268549288366921
"rs1946",10,934793,0.395834068383556
"rs1947",9,975781,0.1635245682206
"rs1948",8,979332,0.415417982707731
"rs1949",10,958739,0.419942933646962
"rs1950",19,969453,0.237801668711472
"rs1951",2,951277,0.462369175394997
"rs1952",19,978627,0.0818940528901294
"rs1953",7,960175,0.41454323817743
"rs1954",6,978167,0.268657012062613
"rs1955",2,977695,0.187355626304634
"rs1956",7,964442,0.328043224976864
"rs1957",1,996410,0.193664016888943
"rs1958",10,969762,0.343551566184033
"rs1959",16,997556,0.462131737871096
"rs1960",8,987441,0.306085564056411
"rs1961",6,980157,0.33705081762746
"rs1962",10,981163,0.237231491319835
"rs1963",11,997870,0.408474568033125
"rs1964",15,991635,0.438024287368171
"rs1965",22,966261,0.215337704902049
"rs1966",18,964853,0.269572356331628
"rs1967",13,984263,0.453358342405409
"rs1968",10,983578,0.258720282407012
"rs1969",19,985438,0.144197599566542
"rs1970",2,988313,0.354315333196428
"rs1971",3,999089,0.380358416389208
"rs1972",22,967638,0.343712373101152
"rs1973",21,965727,0.143111397954635
"rs1974",17,911087,0.482347193185706
"rs1975",9,983166,0.0531037242384627
"rs1976",4,965319,0.455974948569201
"rs1977",5,944113,0.0903392871026881
"rs1978",18,969813,0.426692649663892
"rs1979",14,971503,0.299392718728632
"rs1980",12,954923,0.321537618583534
"rs1981",18,993203,0.415112446830608
"rs1982",18,996647,0.168338581244461
"rs1983",1,999409,0.0679761258419603
"rs1984",12,987711,0.112229313189164
"rs1985",15,997653,0.0974254248430952
"rs1986",9,984256,0.128932619269472
"rs1987",7,971435,0.482530979823787
"rs1988",17,933178,0.137312888703309
"rs1989",7,994279,0.199481345503591
"rs1990",19,991837,0.361535291792825
"rs1991",16,998041,0.36205988713773
"rs1992",1,999814,0.178747964743525
"rs1993",17,967263,0.184603664034512
"rs1994",18,997011,0.243479261256289
"rs1995",13,992025,0.222183122346178
"rs1996",18,999527,0.458067432336975
"rs1997",19,998521,0.290642584196758
"rs1998",6,995966,0.323333317076322
"rs1999",5,957326,0.276967873889953
"rs2000",21,966703,0.276984816440381
